problem_id,len_ids
0,359
1,171
2,206
3,339
4,423
5,518
6,660
7,712
8,836
9,1035
10,223
11,305
12,397
13,644
14,691
15,362
16,459
17,641
18,187
19,852
20,399
21,368
22,212
23,230
24,334
25,225
26,656
27,340
28,755
29,269
30,443
31,528
32,631
33,200
34,419
35,411
36,195
37,314
38,626
39,545
40,572
41,251
42,396
43,333
44,488
45,192
46,422
47,444
48,295
49,172
50,575
52,439
53,356
54,367
55,723
56,433
57,378
58,363
59,386
60,656
61,576
62,485
63,456
64,342
65,214
66,517
67,522
68,725
69,542
70,390
71,803
72,798
73,452
74,268
75,411
76,516
77,252
78,887
79,467
80,400
81,311
82,691
83,558
84,543
85,684
86,439
87,483
88,339
89,227
90,556
91,575
92,365
93,440
94,366
95,409
96,590
97,573
98,406
99,647
100,723
101,542
102,257
103,563
104,408
105,642
107,220
108,291
109,527
110,560
111,228
112,372
113,202
114,720
115,302
116,321
117,522
118,405
119,391
120,455
121,537
122,331
123,680
124,551
125,444
126,405
127,667
128,422
129,396
130,441
131,623
132,475
133,738
134,356
135,300
136,313
137,766
138,412
139,381
140,764
141,274
142,464
143,435
144,332
145,388
146,618
147,516
148,771
149,384
150,345
151,473
152,891
153,448
154,494
155,420
156,289
157,411
158,374
159,308
160,320
161,703
162,431
163,630
164,1053
165,581
166,631
167,329
168,557
169,461
170,463
171,291
172,484
173,434
174,757
175,316
176,130
177,169
178,397
179,590
180,550
181,659
182,339
183,309
184,417
185,653
186,334
187,634
188,566
189,470
191,617
192,482
193,432
194,578
195,603
196,417
197,578
198,372
199,501
200,491
201,406
202,310
203,591
204,563
205,572
206,454
207,466
208,371
209,271
210,457
211,476
212,280
213,559
214,398
215,395
216,322
217,643
218,360
219,628
220,214
221,644
222,351
223,483
224,293
225,313
226,430
227,491
228,406
229,361
230,340
231,475
232,353
233,548
234,459
235,573
236,307
237,395
238,634
239,275
240,303
241,480
242,246
243,673
244,467
245,361
246,301
247,294
248,478
249,805
250,483
251,420
252,579
253,531
254,212
255,360
256,637
257,470
258,549
259,610
260,204
261,527
262,732
263,497
264,436
265,828
266,193
267,446
268,553
269,630
270,553
271,254
272,441
273,353
274,679
275,436
276,383
277,508
278,558
279,433
280,629
281,403
282,509
283,303
284,364
285,580
286,443
287,297
288,453
289,422
290,520
291,400
292,522
293,342
294,570
295,436
296,630
297,382
298,364
299,485
300,566
301,245
302,117
303,484
304,480
305,553
306,240
307,362
308,345
309,288
310,740
311,904
312,438
313,580
314,476
315,615
316,273
317,225
318,280
319,441
320,447
321,552
322,282
323,405
324,237
325,647
326,432
327,405
328,273
329,270
330,347
331,610
332,1046
333,336
334,307
335,216
336,940
337,681
338,485
339,403
340,386
341,613
342,341
343,743
344,388
345,716
346,581
347,635
348,533
349,747
350,298
351,540
352,774
353,557
354,411
355,714
356,551
357,244
358,253
359,497
360,609
361,461
362,409
363,221
364,605
365,397
366,320
367,302
368,621
369,500
370,564
371,608
372,226
373,362
374,571
375,417
376,864
377,586
378,459
379,544
380,280
381,412
382,564
383,351
384,478
385,896
386,479
387,399
388,844
389,373
390,638
391,293
392,292
393,330
394,883
395,323
396,287
397,776
398,321
399,282
400,833
401,328
402,462
404,315
405,422
406,494
407,537
408,382
409,240
410,1109
411,370
413,277
414,576
415,363
416,446
417,358
418,491
419,362
420,443
421,279
422,691
423,600
424,410
425,662
426,336
427,459
428,712
429,641
430,332
431,658
432,873
433,350
434,608
435,277
436,988
437,443
438,207
439,287
440,344
441,534
442,332
443,503
444,539
445,388
446,249
447,436
448,460
449,271
450,416
451,560
452,416
453,563
454,256
455,1064
456,445
457,623
458,299
459,377
460,814
461,560
462,302
463,372
464,523
465,588
466,313
467,484
468,468
469,334
470,440
471,385
472,325
473,338
474,280
475,431
476,173
477,659
478,709
479,555
480,676
481,213
482,395
483,573
484,407
485,396
486,250
487,582
488,407
489,382
490,401
491,402
492,487
493,576
494,507
495,190
496,351
497,620
498,516
499,409
500,545
501,539
502,343
503,459
504,500
505,618
506,314
507,714
508,590
509,510
510,577
511,213
512,515
513,370
514,577
515,301
516,465
517,488
518,401
519,531
520,382
521,498
522,297
523,520
524,457
525,583
526,654
527,367
528,556
529,99
530,558
531,841
532,489
533,668
534,419
535,509
536,366
537,366
538,226
539,275
540,693
541,315
542,505
543,608
544,810
545,299
546,732
547,697
548,288
549,292
550,696
551,413
552,713
553,407
554,749
555,182
556,337
557,517
558,260
559,386
560,324
561,452
562,297
563,481
564,354
565,555
566,279
567,454
568,383
569,396
570,307
571,582
572,768
573,418
574,422
575,833
576,264
577,545
578,487
579,658
580,812
581,428
582,407
583,762
584,647
585,561
586,394
587,353
588,496
589,762
590,535
591,473
592,357
593,538
594,450
595,252
596,286
597,645
598,600
599,439
600,491
601,641
602,68
603,289
604,364
605,373
606,469
607,964
609,354
610,473
611,582
612,454
613,304
614,364
615,351
616,378
617,336
618,379
619,637
620,355
621,580
622,388
623,524
624,503
625,167
626,575
627,437
628,497
629,792
630,592
631,444
632,791
633,474
634,627
635,733
636,374
637,557
638,860
639,418
640,285
641,451
642,348
643,434
644,633
645,527
646,746
647,490
648,331
649,660
650,134
651,629
652,170
653,854
654,414
655,903
656,598
657,356
658,641
659,445
660,408
661,518
662,453
663,305
664,263
665,623
666,286
667,298
668,638
669,352
670,504
671,225
672,421
673,123
674,446
675,657
676,693
677,289
678,334
679,481
680,566
681,505
682,457
683,55
684,502
685,758
686,424
687,358
688,276
689,442
690,485
691,371
692,505
693,474
694,451
695,88
696,255
697,611
698,656
699,258
700,444
701,575
702,502
703,426
704,1038
705,629
706,255
707,921
708,785
709,257
710,556
711,240
712,379
713,378
714,372
715,577
716,559
717,359
718,387
719,147
720,475
721,376
722,352
724,403
725,481
726,537
727,519
728,476
729,373
730,450
731,283
732,283
733,406
734,462
735,501
736,251
737,218
738,453
739,322
740,501
741,802
742,371
743,312
744,489
745,344
746,521
747,581
748,323
749,156
750,293
751,319
752,637
753,405
754,222
755,243
756,341
757,585
758,516
759,499
760,288
761,387
762,553
763,660
764,383
765,426
766,298
767,357
768,270
769,220
770,481
771,350
772,297
773,541
774,221
775,651
776,524
777,301
778,662
779,370
780,871
781,608
782,572
783,448
784,392
785,271
786,585
787,322
788,100
789,270
790,653
791,367
792,487
793,440
794,312
795,280
796,297
797,739
798,422
799,408
800,439
801,362
802,487
803,304
804,310
805,555
806,366
807,578
808,245
809,366
810,267
811,269
812,583
813,389
814,400
815,422
816,457
817,700
818,213
819,624
820,352
821,496
822,343
823,309
824,670
825,260
826,331
827,223
828,408
829,683
830,641
831,819
832,516
833,475
834,774
835,659
836,963
837,246
838,278
839,703
840,331
841,546
842,283
843,355
844,288
845,288
846,489
847,395
848,407
849,224
850,284
851,575
852,1559
853,308
854,677
855,750
856,502
857,478
858,220
859,576
860,1098
861,507
862,706
863,522
864,544
865,367
866,252
867,587
868,227
869,368
870,433
871,521
872,371
873,370
874,307
875,568
876,314
877,538
878,663
879,333
880,659
881,512
882,442
883,454
884,494
885,541
886,354
887,224
888,455
889,361
890,423
891,655
892,320
893,514
894,368
895,347
896,472
897,813
898,225
899,617
900,200
901,634
902,360
903,457
904,231
905,433
906,327
907,512
908,591
909,315
910,489
911,1055
912,640
913,861
914,402
915,278
916,740
917,709
918,707
919,675
920,723
921,456
922,559
923,499
924,538
925,424
926,884
927,315
928,296
929,605
930,436
931,552
932,488
933,291
934,586
935,507
936,336
937,537
938,770
939,536
940,424
941,514
942,613
943,244
944,492
945,455
946,365
947,460
948,375
949,284
950,592
951,231
952,771
953,736
954,396
955,535
957,193
958,490
959,324
960,461
961,545
962,567
963,491
964,543
965,342
966,158
967,547
968,703
969,548
970,463
971,457
972,305
973,640
974,548
975,518
976,582
977,975
978,448
979,579
980,445
981,288
982,621
983,418
984,663
985,371
986,668
987,357
988,690
989,395
990,423
991,731
992,453
993,368
994,551
995,358
996,903
997,502
998,361
999,665
1000,560
1001,614
1002,561
1003,299
1004,1138
1005,720
1006,454
1007,357
1008,301
1009,522
1010,339
1011,360
1012,413
1013,650
1014,715
1015,756
1016,460
1017,344
1018,714
1019,338
1020,372
1021,569
1022,1024
1023,971
1024,541
1025,354
1026,694
1027,464
1028,321
1029,625
1030,430
1031,504
1032,1004
1033,694
1034,736
1035,308
1036,688
1037,318
1038,297
1039,581
1040,186
1041,358
1042,223
1043,657
1044,873
1045,214
1046,476
1047,250
1048,349
1049,419
1050,341
1051,381
1052,184
1053,279
1054,312
1055,381
1056,1580
1057,597
1058,702
1059,577
1060,421
1061,370
1062,549
1063,339
1064,633
1065,645
1066,296
1067,539
1068,403
1069,215
1070,305
1071,394
1072,406
1073,303
1074,664
1075,291
1076,504
1077,601
1078,656
1079,322
1080,317
1081,83
1082,332
1083,302
1084,553
1085,234
1086,492
1087,382
1088,517
1089,520
1090,420
1091,312
1092,289
1094,450
1095,584
1096,178
1097,638
1098,421
1099,584
1100,365
1101,499
1102,562
1103,475
1104,828
1105,402
1106,615
1107,626
1108,271
1109,544
1110,402
1111,877
1112,474
1113,929
1114,576
1115,688
1116,510
1117,389
1118,543
1119,461
1120,388
1121,335
1122,614
1123,340
1124,389
1125,403
1126,231
1127,583
1128,242
1129,168
1130,531
1131,363
1132,729
1133,398
1134,426
1135,537
1136,182
1137,588
1138,421
1139,711
1140,364
1141,434
1142,938
1143,630
1144,512
1145,301
1146,332
1147,410
1148,510
1149,361
1150,535
1151,656
1152,938
1153,693
1154,612
1155,497
1156,597
1157,368
1158,614
1159,668
1160,563
1161,332
1162,737
1163,318
1164,530
1165,318
1166,675
1167,721
1168,637
1169,390
1170,426
1171,500
1172,480
1173,440
1174,286
1175,327
1176,349
1177,446
1178,415
1179,397
1180,409
1181,614
1182,477
1183,632
1184,237
1185,338
1186,250
1187,432
1188,495
1189,503
1190,590
1191,573
1192,609
1193,493
1194,726
1195,363
1196,825
1197,483
1198,459
1199,573
1200,283
1201,602
1202,640
1203,310
1204,791
1205,300
1206,653
1207,547
1208,611
1209,563
1210,847
1211,406
1212,450
1213,738
1214,692
1215,190
1216,390
1217,242
1218,433
1219,409
1220,391
1221,439
1222,251
1223,303
1224,204
1225,289
1226,313
1227,155
1228,641
1229,499
1230,571
1231,262
1232,509
1233,496
1234,894
1235,741
1236,513
1237,461
1238,438
1239,368
1240,718
1241,285
1242,541
1243,186
1244,271
1245,468
1246,850
1247,279
1248,416
1249,1035
1250,383
1251,436
1252,624
1253,388
1254,601
1255,453
1256,303
1257,388
1258,820
1259,650
1260,1120
1261,394
1262,1239
1263,577
1264,380
1265,393
1266,638
1267,358
1268,363
1269,677
1270,197
1271,744
1272,418
1273,330
1274,336
1275,242
1276,239
1277,492
1278,599
1279,511
1280,509
1281,723
1282,535
1283,546
1284,458
1285,597
1286,619
1287,415
1288,603
1289,945
1290,409
1291,520
1292,626
1293,382
1294,525
1295,430
1296,526
1297,448
1298,359
1299,613
1300,380
1301,445
1302,347
1303,525
1304,1087
1305,254
1306,346
1307,295
1308,692
1309,359
1310,296
1311,431
1312,361
1313,303
1314,1084
1315,610
1316,569
1317,526
1318,579
1319,308
1320,424
1321,385
1322,606
1323,374
1324,358
1325,497
1326,181
1327,578
1328,517
1329,231
1330,1056
1331,478
1332,366
1333,324
1334,465
1335,890
1336,919
1337,717
1338,351
1339,357
1340,572
1341,451
1342,290
1343,664
1344,196
1345,402
1346,886
1347,579
1348,493
1349,859
1350,396
1351,206
1352,459
1353,257
1354,482
1355,303
1356,305
1357,380
1358,485
1359,526
1360,645
1361,606
1362,675
1364,587
1365,556
1366,285
1367,235
1368,365
1369,240
1370,375
1371,152
1372,346
1373,492
1374,452
1375,284
1376,840
1377,608
1378,683
1379,716
1380,456
1381,300
1382,550
1383,787
1384,386
1385,767
1386,383
1387,593
1388,770
1389,1058
1390,441
1391,532
1392,212
1393,500
1394,384
1395,406
1396,468
1397,582
1398,484
1399,374
1400,837
1401,507
1402,413
1403,731
1404,419
1405,330
1406,330
1407,477
1408,339
1409,365
1410,878
1411,475
1412,547
1413,441
1414,709
1415,671
1416,527
1417,402
1418,309
1419,455
1420,349
1421,783
1422,489
1423,691
1424,379
1425,503
1426,549
1427,281
1428,650
1429,317
1430,383
1431,482
1432,496
1433,501
1434,453
1435,469
1436,419
1437,408
1438,579
1439,370
1440,484
1441,699
1442,604
1443,774
1444,603
1445,536
1446,722
1447,442
1448,584
1449,744
1450,466
1451,290
1452,661
1453,587
1454,595
1455,686
1456,881
1457,468
1458,581
1459,471
1460,527
1461,488
1462,283
1463,424
1464,572
1465,713
1466,511
1467,763
1468,732
1469,495
1470,323
1471,353
1472,491
1473,464
1474,466
1475,475
1476,316
1477,652
1478,782
1479,903
1480,413
1481,218
1482,434
1483,621
1484,429
1485,557
1486,414
1487,353
1488,667
1489,336
1490,557
1491,470
1492,705
1493,467
1494,427
1495,400
1496,697
1497,369
1498,784
1499,505
1501,606
1502,56
1503,609
1504,1028
1505,519
1506,432
1507,602
1508,474
1509,666
1510,468
1511,595
1512,255
1513,495
1514,958
1515,363
1516,912
1517,457
1518,358
1519,470
1520,702
1521,299
1522,714
1523,515
1524,374
1525,363
1526,255
1527,363
1528,361
1529,363
1531,538
1532,423
1533,401
1534,238
1535,416
1536,733
1537,744
1538,337
1539,440
1540,603
1541,527
1542,475
1543,891
1544,340
1545,878
1546,610
1547,563
1548,459
1549,694
1550,281
1551,780
1552,482
1553,569
1554,454
1555,828
1556,486
1557,732
1558,360
1559,353
1560,399
1561,446
1562,706
1563,552
1564,516
1565,406
1566,565
1567,497
1568,469
1569,947
1570,193
1571,584
1572,304
1573,417
1574,545
1575,752
1576,445
1577,396
1578,224
1579,339
1580,441
1581,172
1582,250
1583,289
1584,255
1585,192
1586,184
1587,306
1588,623
1589,512
1590,654
1591,735
1592,752
1593,512
1594,542
1595,399
1596,669
1597,584
1598,694
1599,382
1600,542
1601,739
1602,468
1603,563
1604,701
1605,456
1606,785
1607,281
1608,317
1609,459
1610,330
1611,612
1612,460
1614,439
1615,439
1616,383
1617,605
1618,675
1619,714
1620,246
1621,351
1622,518
1623,571
1624,514
1625,482
1626,604
1627,518
1628,601
1629,699
1630,865
1631,614
1632,570
1633,497
1634,614
1635,417
1636,868
1637,829
1638,681
1639,311
1640,442
1641,761
1642,533
1643,701
1644,490
1645,569
1646,374
1647,657
1648,464
1649,202
1650,339
1651,174
1652,183
1653,521
1654,372
1655,292
1656,487
1657,612
1658,367
1659,567
1660,496
1661,784
1662,334
1663,392
1664,544
1665,351
1666,452
1667,575
1668,523
1669,1175
1670,559
1671,505
1672,406
1673,434
1674,864
1675,402
1676,767
1677,412
1678,446
1679,237
1680,432
1681,459
1682,486
1683,791
1684,521
1685,639
1686,742
1687,244
1688,757
1689,636
1690,498
1691,410
1692,411
1693,687
1694,708
1695,458
1696,446
1697,526
1698,509
1699,215
1700,718
1701,687
1702,1349
1703,521
1704,755
1705,571
1706,642
1707,733
1708,1444
1709,892
1710,418
1711,339
1712,445
1713,488
1714,426
1715,700
1716,447
1717,236
1718,316
1719,280
1720,580
1721,342
1722,761
1723,640
1724,490
1725,276
1726,283
1727,528
1728,708
1729,632
1730,500
1731,367
1732,537
1733,868
1734,420
1735,278
1736,374
1737,932
1738,458
1739,594
1740,605
1741,553
1742,779
1743,568
1744,896
1745,738
1746,378
1747,320
1748,551
1749,683
1750,634
1751,722
1752,543
1753,967
1754,809
1755,476
1756,759
1757,283
1758,595
1759,525
1760,555
1761,543
1762,522
1763,411
1764,569
1765,503
1766,377
1767,539
1768,815
1769,312
1770,483
1771,979
1772,478
1773,571
1774,153
1775,487
1776,579
1777,484
1778,675
1779,396
1780,357
1782,572
1783,482
1784,491
1785,758
1786,485
1787,408
1788,190
1789,363
1790,461
1791,803
1792,905
1793,516
1794,448
1795,322
1796,335
1797,531
1798,338
1799,810
1800,561
1801,535
1802,639
1803,496
1804,341
1805,470
1806,726
1807,214
1808,484
1809,562
1810,220
1811,343
1812,338
1813,314
1814,914
1815,664
1816,494
1817,334
1818,354
1819,346
1820,547
1821,387
1822,910
1823,650
1824,555
1825,498
1826,298
1828,706
1829,383
1830,424
1831,413
1832,795
1833,518
1834,285
1835,756
1836,594
1837,336
1838,898
1839,656
1840,498
1841,390
1842,241
1843,221
1844,372
1845,598
1846,538
1847,674
1848,323
1849,287
1850,406
1851,402
1852,534
1853,624
1854,685
1855,920
1856,584
1857,188
1858,397
1859,212
1860,149
1861,526
1862,641
1863,528
1864,220
1865,407
1866,713
1867,326
1868,721
1869,342
1870,521
1871,633
1872,247
1873,379
1874,300
1875,315
1876,696
1877,546
1878,430
1879,481
1880,317
1881,581
1882,715
1883,668
1884,796
1885,137
1886,131
1887,589
1888,550
1889,435
1890,374
1891,654
1892,471
1893,268
1894,630
1895,518
1896,306
1897,528
1898,253
1899,564
1900,434
1901,607
1902,665
1903,655
1904,560
1905,725
1906,230
1907,709
1908,857
1909,755
1910,401
1911,509
1912,452
1913,463
1914,517
1915,317
1916,504
1917,748
1918,431
1919,258
1920,447
1921,577
1922,269
1923,316
1924,396
1925,237
1926,538
1927,838
1928,739
1929,378
1930,707
1931,500
1932,559
1933,431
1934,405
1935,1075
1936,293
1937,599
1938,567
1939,302
1940,561
1941,391
1942,587
1943,738
1944,293
1945,424
1946,827
1947,902
1948,465
1949,420
1950,514
1951,744
1952,1102
1953,281
1954,482
1955,681
1956,742
1957,540
1958,501
1959,480
1960,664
1961,585
1962,521
1963,410
1964,576
1965,614
1966,350
1967,553
1968,571
1969,590
1970,642
1971,362
1972,402
1973,661
1974,709
1975,339
1976,400
1977,503
1978,1007
1979,806
1980,516
1981,660
1982,380
1983,431
1984,716
1985,499
1986,409
1987,530
1988,763
1989,298
1990,921
1991,652
1992,876
1993,571
1994,406
1995,400
1996,815
1997,644
1998,525
1999,548
2000,269
2001,753
2002,758
2003,500
2004,359
2005,651
2006,484
2007,456
2008,606
2009,888
2010,502
2011,1394
2012,503
2013,665
2014,238
2015,508
2016,866
2017,361
2018,531
2019,472
2020,585
2021,619
2022,675
2023,651
2024,432
2025,346
2026,507
2027,500
2028,398
2029,584
2030,548
2031,1222
2032,1320
2033,1466
2034,569
2035,801
2036,672
2037,470
2038,594
2039,290
2040,335
2041,1248
2042,450
2043,341
2044,669
2045,321
2046,501
2047,522
2048,544
2049,519
2050,381
2051,705
2052,458
2053,582
2054,298
2055,734
2056,633
2057,483
2058,484
2059,523
2060,301
2061,558
2062,646
2063,439
2064,240
2065,981
2066,487
2067,1388
2068,521
2069,545
2070,458
2071,554
2072,475
2073,723
2074,439
2075,505
2076,503
2077,929
2078,479
2079,653
2080,448
2081,316
2082,819
2083,1531
2084,297
2085,594
2086,538
2087,215
2088,593
2089,505
2090,415
2091,536
2092,970
2093,499
2094,802
2095,492
2096,540
2097,651
2098,512
2099,923
2100,626
2101,783
2102,710
2103,396
2104,342
2105,854
2106,538
2107,660
2108,585
2109,402
2110,952
2111,582
2112,635
2113,519
2114,726
2115,540
2116,643
2117,446
2118,651
2119,505
2120,591
2121,653
2122,127
2123,428
2124,970
2125,526
2126,925
2127,717
2128,540
2129,524
2130,699
2131,648
2132,828
2133,590
2134,614
2135,739
2136,824
2137,879
2138,475
2139,454
2140,376
2141,613
2142,812
2143,620
2144,273
2145,426
2146,984
2147,1314
2148,480
2149,763
2150,757
2151,677
2152,402
2153,514
2154,329
2155,761
2156,1152
2157,433
2158,570
2159,408
2160,817
2161,680
2162,930
2163,189
2164,532
2165,493
2166,465
2167,333
2168,499
2169,608
2170,293
2171,355
2172,582
2173,321
2174,368
2175,518
2176,991
2177,332
2178,703
2179,643
2180,247
2181,543
2182,657
2184,495
2185,674
2186,341
2187,710
2188,626
2189,327
2190,313
2191,551
2192,424
2193,890
2194,1008
2195,476
2196,334
2197,486
2198,800
2199,477
2200,404
2201,504
2202,540
2203,819
2204,608
2205,365
2206,438
2207,524
2208,565
2209,404
2210,456
2211,750
2212,133
2213,539
2214,636
2215,765
2216,530
2217,966
2218,549
2219,360
2220,469
2221,899
2222,751
2223,355
2224,501
2225,628
2226,878
2227,415
2228,377
2229,394
2230,311
2231,750
2232,859
2233,475
2234,427
2235,578
2236,476
2237,577
2238,235
2239,537
2240,569
2241,531
2242,202
2243,912
2244,582
2245,334
2246,565
2247,368
2248,358
2249,857
2250,892
2251,588
2252,681
2253,567
2254,614
2255,706
2256,418
2257,486
2258,630
2259,511
2260,185
2261,669
2262,390
2263,1034
2264,644
2265,531
2266,683
2267,244
2268,575
2269,433
2270,727
2271,359
2272,356
2273,761
2274,699
2275,637
2276,403
2277,668
2278,673
2279,462
2280,659
2281,212
2282,423
2283,556
2284,479
2285,984
2286,738
2287,306
2288,616
2289,663
2290,529
2291,325
2292,715
2293,730
2294,702
2295,282
2296,975
2297,666
2298,388
2299,590
2300,718
2301,460
2302,1081
2303,316
2304,532
2305,492
2306,468
2307,1096
2308,830
2309,861
2310,1151
2311,769
2312,621
2313,755
2314,1018
2315,302
2316,686
2317,817
2318,584
2319,695
2320,882
2321,501
2323,973
2324,383
2325,355
2326,544
2327,566
2328,474
2329,967
2330,863
2331,631
2332,579
2333,480
2334,476
2335,457
2336,843
2337,593
2338,714
2339,793
2340,668
2341,523
2342,645
2343,994
2344,651
2345,495
2346,1043
2347,648
2348,117
2349,571
2350,600
2351,452
2352,974
2353,733
2354,642
2355,447
2356,388
2357,693
2358,758
2359,561
2360,603
2361,621
2362,448
2363,228
2364,769
2365,276
2366,279
2367,284
2368,522
2369,319
2370,463
2371,345
2372,478
2373,245
2374,634
2375,285
2376,265
2377,374
2378,485
2379,364
2380,309
2381,230
2382,449
2383,301
2384,217
2385,396
2386,322
2387,249
2388,523
2389,438
2390,599
2391,537
2392,507
2393,933
2394,626
2395,530
2396,418
2397,469
2398,909
2399,604
2400,601
2401,701
2402,947
2403,636
2404,187
2405,717
2406,872
2407,874
2408,526
2409,1579
2410,816
2411,529
2412,341
2413,1009
2414,153
2415,150
2416,476
2417,581
2418,788
2419,401
2420,521
2421,576
2422,534
2423,381
2424,675
2425,600
2426,435
2427,587
2428,538
2429,378
2430,335
2431,860
2432,70
2433,416
2434,384
2435,558
2436,1216
2437,463
2438,566
2439,1135
2440,754
2441,609
2442,612
2443,331
2444,684
2445,472
2446,386
2447,512
2448,787
2449,376
2450,853
2451,534
2452,611
2453,474
2454,655
2455,507
2456,677
2457,766
2458,413
2459,480
2460,823
2461,361
2462,785
2463,454
2464,375
2465,399
2466,89
2467,128
2468,141
2469,101
2470,321
2471,431
2472,410
2473,374
2474,454
2475,622
2476,338
2477,380
2478,265
2479,415
2480,246
2481,590
2482,462
2483,462
2484,486
2485,358
2486,425
2487,532
2488,391
2489,202
2490,331
2491,560
2492,296
2493,475
2494,118
2495,309
2496,343
2497,521
2498,342
2499,449
2500,359
2501,380
2502,488
2503,389
2504,668
2505,593
2506,517
2507,550
2508,684
2509,197
2510,296
2511,356
2512,553
2513,593
2514,376
2515,304
2516,386
2517,463
2518,395
2519,249
2520,707
2521,288
2522,309
2523,324
2524,391
2525,471
2526,443
2527,324
2528,309
2529,259
2530,982
2531,639
2532,487
2533,598
2534,650
2535,572
2536,869
2537,779
2538,452
2539,295
2540,378
2541,183
2542,450
2543,876
2544,769
2545,427
2546,714
2547,714
2548,522
2549,647
2550,502
2551,441
2552,1275
2553,433
2554,507
2555,1048
2556,543
2557,602
2558,886
2559,1095
2560,692
2561,673
2562,459
2563,565
2564,364
2565,787
2566,590
2567,861
2568,319
2569,737
2570,666
2571,607
2572,441
2573,550
2574,593
2575,293
2576,754
2577,552
2578,405
2579,274
2580,855
2581,409
2582,291
2583,494
2584,895
2585,361
2586,480
2587,626
2588,770
2589,455
2590,706
2591,567
2592,553
2593,526
2594,497
2595,708
2596,695
2597,526
2598,501
2599,258
2600,658
2601,615
2602,812
2603,535
2604,446
2605,640
2606,644
2607,548
2608,981
2609,987
2610,896
2611,1304
2612,620
2613,705
2614,658
2615,425
2616,668
2617,930
2618,1210
2619,699
2620,951
2621,868
2622,512
2623,868
2624,636
2625,398
2626,379
2627,95
2628,231
2629,62
2630,215
2631,264
2632,116
2633,405
2634,100
2635,158
2636,513
2637,67
2638,136
2639,96
2640,473
2641,337
2642,343
2643,625
2644,457
2645,474
2646,596
2647,318
2648,324
2649,264
2650,748
2651,408
2652,305
2653,591
2654,430
2655,375
2656,208
2657,408
2658,284
2659,208
2660,471
2661,569
2662,240
2663,349
2664,1196
2665,291
2666,821
2667,318
2668,514
2669,318
2670,494
2671,554
2672,112
2673,359
2674,119
2675,769
2676,416
2677,310
2678,548
2679,686
2680,551
2681,344
2682,835
2683,660
2684,463
2685,457
2686,1014
2687,684
2688,698
2689,489
2690,303
2691,314
2692,363
2693,358
2694,1206
2695,406
2696,506
2697,111
2698,635
2699,353
2700,236
2701,593
2702,911
2703,581
2704,510
2705,568
2706,474
2707,383
2708,236
2709,798
2710,437
2711,366
2712,373
2713,703
2714,599
2715,268
2716,578
2717,421
2718,420
2719,1386
2720,377
2721,692
2722,678
2723,890
2724,579
2725,791
2726,512
2727,536
2728,565
2729,304
2730,641
2731,506
2732,488
2733,1019
2734,298
2735,884
2736,525
2737,717
2738,636
2739,349
2740,404
2741,383
2742,479
2743,578
2744,653
2745,166
2746,210
2747,133
2748,122
2749,393
2750,336
2751,420
2752,596
2753,568
2754,489
2755,576
2756,898
2757,752
2758,1244
2759,608
2760,395
2761,354
2762,456
2763,626
2764,676
2765,781
2766,374
2767,379
2768,476
2769,528
2770,403
2771,636
2772,657
2773,640
2774,873
2775,545
2776,384
2777,669
2778,373
2779,763
2780,503
2781,372
2782,563
2783,573
2784,508
2785,515
2786,390
2787,802
2788,487
2789,499
2790,732
2791,393
2792,743
2793,411
2794,748
2795,551
2796,506
2797,229
2798,792
2799,712
2800,733
2801,658
2802,551
2803,376
2804,424
2805,194
2806,667
2807,414
2808,521
2809,515
2810,556
2811,565
2812,480
2813,613
2814,832
2815,215
2816,541
2817,774
2818,332
2819,743
2820,554
2821,371
2822,541
2823,413
2824,500
2825,497
2826,644
2827,701
2828,546
2829,371
2830,372
2831,395
2832,544
2833,341
2834,138
2835,384
2836,379
2837,686
2838,404
2839,794
2840,389
2841,520
2842,626
2843,296
2844,557
2845,329
2846,255
2847,517
2848,565
2849,499
2850,290
2851,330
2852,593
2853,378
2854,701
2855,477
2856,335
2857,222
2858,378
2859,590
2860,580
2861,675
2862,635
2863,354
2864,969
2865,646
2866,333
2867,922
2868,474
2869,356
2870,654
2871,506
2872,438
2873,301
2874,522
2875,423
2876,330
2877,280
2878,307
2879,392
2880,379
2881,245
2882,73
2883,131
2884,201
2885,171
2886,334
2887,549
2888,823
2889,760
2890,624
2891,647
2892,589
2893,224
2894,441
2895,622
2896,302
2897,542
2898,590
2899,460
2900,325
2901,825
2902,750
2903,352
2904,560
2905,493
2906,378
2907,442
2908,254
2909,416
2910,445
2911,749
2912,532
2913,512
2914,359
2915,493
2916,718
2917,693
2918,466
2919,1330
2920,488
2921,563
2922,314
2923,583
2924,491
2925,825
2926,649
2927,633
2928,552
2929,453
2930,264
2931,384
2932,220
2933,237
2934,323
2935,649
2936,769
2937,419
2938,530
2939,362
2940,1173
2941,768
2942,269
2943,371
2944,524
2945,698
2946,449
2947,574
2948,493
2949,505
2950,351
2951,417
2952,232
2953,337
2954,560
2955,465
2956,525
2957,272
2958,630
2959,557
2960,241
2961,764
2962,487
2963,157
2964,358
2965,595
2966,354
2967,430
2968,511
2969,645
2970,391
2971,391
2972,285
2973,432
2974,826
2975,523
2976,647
2977,732
2978,594
2979,551
2980,776
2981,456
2982,309
2983,454
2984,428
2985,395
2986,602
2987,734
2988,537
2989,622
2990,663
2991,382
2992,393
2993,577
2994,308
2995,505
2996,531
2997,351
2998,652
2999,564
3000,755
3001,619
3002,841
3003,466
3004,402
3005,614
3006,647
3007,686
3008,520
3009,581
3010,381
3011,279
3012,1176
3013,686
3014,567
3015,715
3016,731
3017,255
3018,415
3019,435
3020,572
3021,646
3022,334
3023,650
3024,283
3025,667
3026,297
3027,650
3028,445
3029,535
3030,518
3031,711
3032,887
3033,291
3034,860
3035,568
3036,797
3037,838
3038,1141
3039,322
3040,200
3041,442
3042,361
3043,582
3044,835
3045,564
3046,709
3047,725
3048,709
3049,497
3050,1200
3051,1413
3052,781
3053,434
3054,936
3055,561
3056,479
3057,610
3058,700
3059,942
3060,536
3061,901
3062,625
3063,525
3064,399
3065,696
3066,541
3067,427
3068,450
3069,480
3070,518
3071,516
3072,306
3073,693
3074,420
3075,444
3076,559
3077,569
3078,292
3079,375
3080,975
3081,550
3082,985
3083,727
3084,560
3085,629
3086,536
3087,783
3088,173
3089,413
3090,469
3091,657
3092,460
3093,380
3094,329
3095,376
3096,499
3097,820
3098,388
3099,661
3100,516
3101,403
3102,593
3103,747
3104,259
3105,594
3106,697
3107,950
3108,203
3109,812
3110,607
3111,519
3112,1039
3113,568
3114,381
3115,509
3116,326
3117,274
3118,491
3119,849
3120,792
3121,610
3122,505
3123,481
3124,468
3125,424
3126,857
3127,684
3128,639
3129,214
3130,884
3131,327
3132,395
3133,595
3134,581
3135,501
3136,676
3137,600
3138,442
3139,573
3140,489
3141,471
3142,227
3143,689
3144,493
3145,297
3146,717
3147,384
3148,567
3149,744
3150,341
3151,334
3152,346
3153,643
3154,1025
3155,408
3156,799
3157,476
3158,828
3159,666
3160,646
3161,481
3162,633
3163,549
3164,264
3165,567
3166,787
3167,685
3168,430
3169,594
3170,1034
3171,906
3172,452
3173,927
3174,635
3175,274
3176,657
3177,367
3178,507
3179,660
3180,577
3181,294
3182,206
3183,322
3184,426
3185,224
3186,144
3187,511
3188,397
3189,376
3190,337
3191,486
3192,571
3193,530
3194,406
3195,621
3196,319
3197,382
3198,523
3199,333
3200,478
3201,489
3202,349
3203,485
3204,565
3205,397
3206,540
3207,652
3208,625
3209,732
3210,621
3211,557
3212,356
3213,551
3214,729
3215,476
3216,424
3217,375
3218,608
3219,436
3220,443
3221,673
3222,620
3223,415
3224,392
3225,477
3226,803
3227,483
3228,427
3229,1061
3230,511
3231,732
3232,331
3233,332
3234,237
3235,760
3236,483
3237,733
3238,731
3239,420
3240,648
3241,701
3242,425
3243,657
3244,322
3245,751
3246,409
3247,378
3248,393
3249,612
3250,1337
3251,272
3252,872
3253,729
3254,227
3255,474
3256,693
3257,366
3258,664
3259,732
3260,377
3261,463
3262,808
3263,910
3264,427
3265,567
3266,467
3267,360
3268,1844
3269,274
3270,581
3271,237
3272,713
3273,831
3274,649
3275,563
3276,495
3277,435
3278,477
3279,769
3280,384
3281,675
3282,506
3283,554
3284,217
3285,432
3286,458
3287,432
3288,476
3289,680
3290,655
3291,817
3292,392
3293,645
3294,485
3295,486
3296,851
3297,663
3298,546
3299,551
3300,756
3301,824
3302,658
3303,421
3304,650
3305,775
3306,403
3307,572
3308,494
3309,528
3310,565
3311,465
3312,643
3313,479
3314,326
3315,376
3316,394
3317,355
3318,235
3319,992
3320,486
3321,487
3322,879
3323,459
3324,1010
3325,458
3326,569
3327,627
3328,339
3329,543
3330,438
3331,436
3332,681
3333,298
3334,562
3335,342
3336,391
3337,459
3338,624
3339,378
3340,478
3341,531
3342,505
3343,339
3344,497
3345,532
3346,676
3347,512
3348,422
3349,556
3350,350
3351,1610
3352,970
3353,623
3354,368
3355,834
3356,400
3357,368
3358,439
3359,522
3360,1136
3361,498
3362,706
3363,672
3364,234
3365,396
3366,213
3367,630
3368,548
3369,841
3370,662
3371,591
3372,727
3373,383
3374,1094
3375,289
3376,1167
3377,909
3378,843
3379,701
3380,271
3381,570
3382,637
3383,623
3384,154
3385,687
3386,389
3387,840
3388,498
3389,483
3390,530
3391,513
3392,578
3393,509
3394,975
3395,835
3396,305
3397,428
3398,704
3399,584
3400,901
3401,629
3402,837
3403,471
3404,765
3405,376
3406,638
3407,595
3408,330
3409,528
3410,639
3411,714
3412,731
3413,624
3414,433
3415,364
3416,756
3417,307
3418,299
3419,338
3420,624
3421,563
3422,761
3423,701
3424,316
3425,416
3426,710
3427,632
3428,426
3429,460
3430,494
3431,190
3432,344
3433,360
3434,400
3435,416
3436,278
3437,464
3438,507
3439,713
3440,658
3441,1070
3442,731
3443,377
3444,688
3445,500
3446,988
3447,814
3448,565
3449,578
3450,274
3451,530
3452,611
3453,671
3454,1046
3455,624
3456,427
3457,380
3458,498
3459,393
3460,359
3461,888
3462,278
3463,327
3464,404
3465,362
3466,603
3467,541
3468,585
3469,543
3470,343
3471,571
3472,447
3473,767
3474,515
3475,755
3476,886
3477,501
3478,582
3479,542
3480,898
3481,823
3482,617
3483,768
3484,657
3485,658
3486,462
3487,1237
3488,623
3489,642
3490,569
3491,741
3492,631
3493,456
3494,589
3495,639
3496,550
3497,507
3498,976
3499,213
3500,895
3501,502
3502,718
3503,384
3504,662
3505,193
3506,599
3507,291
3508,489
3509,818
3510,643
3511,658
3512,472
3513,190
3514,711
3515,553
3516,572
3517,582
3518,647
3519,329
3520,664
3521,456
3522,569
3523,347
3524,426
3525,691
3526,483
3527,373
3528,521
3529,330
3530,485
3531,573
3532,475
3533,347
3534,654
3535,415
3536,544
3537,626
3538,586
3539,599
3540,385
3541,491
3542,347
3543,697
3544,373
3545,1049
3546,378
3547,319
3548,469
3549,716
3550,941
3551,523
3552,503
3553,450
3554,728
3555,584
3556,624
3557,373
3558,421
3559,948
3560,697
3561,312
3562,508
3563,289
3564,552
3565,861
3566,536
3567,402
3568,711
3569,473
3570,934
3571,1048
3572,509
3573,641
3574,410
3575,573
3576,631
3577,356
3578,674
3579,504
3580,389
3581,883
3582,829
3583,696
3584,517
3585,804
3586,186
3587,469
3588,369
3589,406
3590,548
3591,425
3592,463
3593,269
3594,610
3595,625
3596,1020
3597,1021
3598,468
3599,391
3600,506
3601,496
3602,371
3603,529
3604,548
3605,260
3606,556
3607,917
3608,375
3609,542
3610,496
3611,351
3612,899
3613,574
3614,441
3615,457
3616,458
3617,728
3618,556
3619,568
3620,353
3621,466
3622,704
3623,418
3624,547
3625,454
3626,353
3627,477
3628,567
3629,496
3630,401
3631,556
3632,499
3633,668
3634,507
3635,607
3636,451
3637,579
3638,572
3639,586
3640,331
3641,229
3642,343
3643,531
3644,724
3645,693
3646,690
3647,629
3648,531
3649,306
3650,1336
3651,595
3652,342
3653,492
3654,770
3655,589
3656,712
3657,628
3658,449
3659,532
3660,326
3661,748
3662,485
3663,581
3664,694
3665,435
3666,471
3667,780
3668,524
3669,290
3670,294
3671,481
3672,490
3673,702
3674,319
3675,291
3676,921
3677,463
3678,582
3679,392
3680,312
3681,988
3682,621
3683,563
3684,848
3685,591
3686,400
3687,727
3688,514
3689,368
3690,584
3691,966
3692,374
3693,366
3694,767
3695,702
3696,783
3697,832
3698,351
3699,782
3700,432
3701,673
3702,560
3703,594
3704,1582
3705,401
3706,649
3707,505
3708,486
3709,364
3710,423
3711,374
3712,427
3713,488
3714,711
3715,677
3716,271
3717,424
3718,481
3719,623
3720,300
3721,750
3722,575
3723,461
3724,318
3725,564
3726,254
3727,483
3728,451
3729,438
3730,294
3731,552
3732,401
3733,616
3734,410
3735,355
3736,344
3737,416
3738,455
3739,522
3740,185
3741,317
3742,464
3743,398
3744,596
3745,707
3746,553
3747,509
3748,349
3749,442
3750,280
3751,413
3752,505
3753,750
3754,411
3755,390
3756,603
3757,264
3758,562
3759,273
3760,503
3761,274
3762,317
3763,613
3764,564
3765,474
3766,517
3767,509
3768,676
3769,441
3770,548
3771,433
3772,479
3773,582
3774,359
3775,757
3776,368
3777,440
3778,720
3779,699
3780,925
3781,684
3782,387
3783,317
3784,562
3785,395
3786,663
3787,311
3788,394
3789,231
3790,237
3791,601
3792,516
3793,488
3794,347
3795,514
3796,315
3797,314
3798,388
3799,265
3800,267
3801,895
3802,290
3803,461
3804,307
3805,631
3806,536
3807,517
3808,492
3809,582
3810,1048
3811,540
3812,446
3813,414
3814,473
3815,563
3816,338
3817,366
3818,360
3819,646
3820,648
3821,408
3822,412
3823,504
3824,428
3825,427
3826,427
3827,434
3828,290
3829,430
3830,657
3831,636
3832,603
3833,580
3834,440
3835,401
3836,748
3837,875
3838,874
3839,838
3840,445
3841,477
3842,662
3843,431
3844,408
3845,515
3846,597
3847,691
3848,348
3849,616
3850,479
3851,824
3852,378
3853,481
3854,425
3855,386
3856,406
3857,447
3858,471
3859,470
3860,445
3861,260
3862,535
3863,314
3864,674
3865,243
3866,567
3867,575
3868,747
3869,282
3870,741
3871,1009
3872,415
3873,315
3874,617
3875,562
3876,427
3877,603
3878,514
3879,306
3880,266
3881,758
3882,712
3883,250
3884,1294
3885,253
3886,565
3887,271
3888,368
3889,628
3890,404
3891,296
3892,891
3893,595
3894,410
3895,402
3896,393
3897,420
3898,532
3899,568
3900,454
3901,366
3902,511
3903,520
3904,590
3905,1089
3906,316
3907,612
3908,662
3909,495
3910,490
3911,477
3912,321
3913,743
3914,1033
3915,415
3916,883
3917,385
3918,673
3919,332
3920,347
3921,405
3922,1363
3923,346
3924,457
3925,429
3926,563
3927,449
3928,616
3929,303
3930,435
3931,836
3932,323
3933,567
3934,565
3935,452
3936,359
3937,408
3938,401
3939,643
3940,558
3941,624
3942,407
3943,512
3944,556
3945,914
3946,921
3947,285
3948,613
3949,888
3950,808
3951,357
3952,639
3953,704
3954,327
3955,307
3956,425
3957,574
3958,497
3959,850
3960,379
3961,452
3962,479
3963,581
3964,426
3965,643
3966,515
3967,452
3968,886
3969,635
3970,269
3971,350
3972,245
3973,455
3974,308
3975,652
3976,357
3977,547
3978,665
3979,1140
3980,275
3981,1063
3982,724
3983,618
3984,565
3985,477
3986,404
3987,501
3988,622
3989,230
3990,598
3991,712
3992,690
3993,827
3994,541
3995,657
3996,585
3997,490
3998,584
3999,556
4000,566
4001,484
4002,425
4003,561
4004,577
4005,759
4006,411
4007,609
4008,540
4009,454
4010,828
4011,401
4012,426
4013,337
4014,942
4015,344
4016,309
4017,739
4018,524
4019,642
4020,508
4021,75
4022,713
4023,578
4024,515
4025,525
4026,901
4027,374
4028,509
4029,311
4030,514
4031,402
4032,563
4033,516
4034,459
4035,331
4036,610
4037,508
4038,1251
4039,575
4040,1107
4041,502
4042,128
4043,438
4044,391
4045,500
4046,460
4047,504
4048,212
4049,752
4050,759
4051,473
4052,622
4053,578
4054,205
4055,469
4056,315
4057,295
4058,811
4059,156
4060,350
4061,514
4062,202
4063,306
4064,647
4065,682
4066,350
4067,414
4068,362
4069,290
4070,114
4071,45
4072,66
4073,225
4074,485
4075,449
4076,262
4077,538
4078,958
4079,371
4080,960
4081,588
4082,408
4083,371
4084,263
4085,349
4086,414
4087,247
4088,983
4089,441
4090,720
4091,804
4092,574
4093,579
4094,189
4095,567
4096,1016
4097,690
4098,445
4099,286
4100,543
4101,568
4102,79
4103,727
4104,178
4105,918
4106,493
4107,658
4108,256
4109,183
4110,538
4111,1003
4112,493
4113,178
4114,486
4115,181
4116,171
4117,313
4118,177
4119,376
4120,907
4121,668
4122,473
4123,349
4124,544
4125,391
4126,276
4127,155
4128,467
4129,507
4130,434
4131,454
4132,246
4133,444
4134,861
4135,409
4136,117
4137,385
4138,525
4139,207
4140,206
4141,317
4142,328
4143,550
4144,193
4145,159
4146,287
4147,531
4148,210
4149,600
4150,853
4151,447
4152,641
4153,253
4154,302
4155,306
4156,556
4157,524
4158,487
4159,304
4160,224
4161,289
4162,237
4163,279
4164,184
4165,240
4166,268
4167,255
4168,270
4169,322
4170,213
4171,377
4172,402
4173,484
4174,249
4175,319
4176,221
4177,126
4178,249
4179,413
4180,149
4181,287
4182,450
4183,277
4184,264
4185,881
4186,462
4187,524
4188,492
4189,213
4190,533
4191,64
4192,221
4193,439
4194,279
4195,237
4196,237
4197,257
4198,317
4199,212
4200,224
4201,425
4202,195
4203,225
4204,420
4205,258
4206,577
4207,447
4208,721
4209,758
4210,469
4211,231
4212,452
4213,167
4214,581
4215,221
4216,242
4217,374
4218,184
4219,447
4220,215
4221,209
4222,353
4223,222
4224,418
4225,212
4226,234
4227,463
4228,374
4229,310
4230,242
4231,210
4232,409
4233,706
4234,308
4235,504
4236,525
4237,167
4238,173
4239,237
4240,239
4241,239
4242,176
4243,246
4244,295
4245,175
4246,312
4247,287
4248,503
4249,1013
4250,802
4251,583
4252,430
4253,147
4254,165
4255,177
4256,197
4257,110
4258,189
4259,188
4260,259
4261,213
4262,363
4263,250
4264,147
4265,214
4266,299
4267,131
4268,539
4269,166
4270,349
4271,391
4272,164
4273,315
4274,196
4275,176
4276,332
4277,190
4278,366
4279,523
4280,729
4281,639
4282,696
4283,409
4284,674
4285,709
4286,617
4287,1024
4288,164
4289,315
4290,276
4291,458
4292,256
4293,359
4294,142
4295,203
4296,179
4297,146
4298,240
4299,266
4300,370
4301,304
4302,182
4303,331
4304,300
4305,228
4306,296
4307,140
4308,204
4309,185
4310,238
4311,285
4312,322
4313,261
4314,397
4315,151
4316,145
4317,156
4318,297
4319,448
4320,668
4321,312
4322,597
4323,671
4324,502
4325,223
4326,187
4327,186
4328,149
4329,218
4330,173
4331,112
4332,160
4333,425
4334,251
4335,176
4336,299
4337,340
4338,528
4339,351
4340,947
4341,646
4342,667
4343,446
4344,445
4345,708
4346,654
4347,456
4348,374
4349,692
4350,706
4351,161
4352,345
4353,205
4354,540
4355,160
4356,462
4357,270
4358,265
4359,514
4360,295
4361,331
4362,145
4363,261
4364,255
4365,149
4366,208
4367,260
4368,146
4369,171
4370,237
4371,307
4372,700
4373,377
4374,504
4375,453
4376,753
4377,384
4378,471
4379,582
4380,177
4381,247
4382,136
4383,165
4384,237
4385,431
4386,183
4387,194
4388,197
4389,573
4390,256
4391,590
4392,714
4393,358
4394,910
4395,501
4396,499
4397,149
4398,185
4399,261
4400,192
4401,246
4402,211
4403,338
4404,180
4405,533
4406,834
4407,486
4408,745
4409,651
4410,837
4411,482
4412,549
4413,570
4414,384
4415,889
4416,675
4417,823
4418,558
4419,414
4420,458
4421,609
4422,151
4423,409
4424,158
4425,499
4426,161
4427,275
4428,671
4429,378
4430,721
4431,626
4432,827
4433,769
4434,493
4435,399
4436,285
4437,595
4438,706
4439,165
4440,203
4441,296
4442,177
4443,105
4444,154
4445,474
4446,552
4447,472
4448,668
4449,432
4450,635
4451,752
4452,396
4453,797
4454,490
4455,655
4456,536
4457,621
4458,265
4459,318
4460,219
4461,234
4462,219
4463,389
4464,213
4465,194
4466,202
4467,391
4468,288
4469,987
4470,360
4471,762
4472,824
4473,574
4474,557
4475,549
4476,432
4477,419
4478,810
4479,256
4480,304
4481,247
4482,236
4483,207
4484,264
4485,325
4486,171
4487,208
4488,127
4489,409
4490,148
4491,356
4492,234
4493,355
4494,170
4495,160
4496,124
4497,217
4498,228
4499,183
4500,202
4501,326
4502,366
4503,259
4504,290
4505,133
4506,441
4507,891
4508,480
4509,266
4510,843
4511,606
4512,474
4513,489
4514,1157
4515,449
4516,1164
4517,1019
4518,610
4519,496
4520,470
4521,517
4522,582
4523,550
4524,797
4525,495
4526,724
4527,712
4528,322
4529,825
4530,769
4531,579
4532,765
4533,305
4534,103
4535,304
4536,155
4537,147
4538,371
4539,162
4540,548
4541,124
4542,433
4543,144
4544,250
4545,164
4546,180
4547,121
4548,365
4549,434
4550,231
4551,273
4552,625
4553,208
4554,257
4555,212
4556,228
4557,200
4558,169
4559,187
4560,177
4561,287
4562,126
4563,396
4564,127
4565,344
4566,303
4567,312
4568,234
4569,155
4570,218
4571,433
4572,191
4573,405
4574,194
4575,412
4576,271
4577,149
4578,424
4579,164
4580,329
4581,296
4582,266
4583,244
4584,277
4585,244
4586,131
4587,473
4588,214
4589,451
4590,487
4591,365
4592,138
4593,162
4594,346
4595,207
4596,299
4597,207
4598,147
4599,272
4600,383
4601,313
4602,564
4603,288
4604,326
4605,202
4606,155
4607,271
4608,295
4609,312
4610,259
4611,379
4612,137
4613,407
4614,202
4615,559
4616,151
4617,202
4618,360
4619,561
4620,577
4621,252
4622,155
4623,727
4624,467
4625,984
4626,533
4627,507
4628,918
4629,541
4630,844
4631,724
4632,742
4633,274
4634,975
4635,476
4636,1055
4637,788
4638,871
4639,548
4640,865
4641,1208
4642,526
4643,187
4644,430
4645,402
4646,602
4647,619
4648,476
4649,582
4650,502
4651,932
4652,602
4653,717
4654,417
4655,586
4656,716
4657,883
4658,343
4659,102
4660,340
4661,341
4662,100
4663,164
4664,994
4665,458
4666,134
4667,111
4668,181
4669,286
4670,120
4671,143
4672,245
4673,215
4674,340
4675,242
4676,273
4677,365
4678,274
4679,528
4680,205
4681,265
4682,211
4683,223
4684,197
4685,317
4686,167
4687,264
4688,207
4689,269
4690,262
4691,321
4692,132
4693,132
4694,236
4695,135
4696,129
4697,221
4698,488
4699,347
4700,522
4701,212
4702,125
4703,247
4704,298
4705,191
4706,285
4707,165
4708,249
4709,145
4710,161
4711,248
4712,212
4713,231
4714,171
4715,200
4716,206
4717,254
4718,228
4719,363
4720,225
4721,144
4722,206
4723,334
4724,302
4725,328
4726,942
4727,688
4728,586
4729,831
4730,477
4731,407
4732,304
4733,647
4734,485
4735,274
4736,466
4737,939
4738,336
4739,471
4740,303
4741,350
4742,653
4743,524
4744,343
4745,378
4746,473
4747,454
4748,451
4749,314
4750,559
4751,275
4752,97
4753,171
4754,492
4755,343
4756,404
4757,399
4758,235
4759,632
4760,214
4761,522
4762,277
4763,375
4764,300
4765,317
4766,585
4767,466
4768,532
4769,279
4770,395
4771,787
4772,324
4773,403
4774,488
4775,444
4776,465
4777,268
4778,1067
4779,210
4780,336
4781,592
4782,513
4783,677
4784,321
4785,195
4786,573
4787,368
4788,404
4789,489
4790,279
4791,326
4792,456
4793,328
4794,505
4795,487
4796,310
4797,335
4798,320
4799,512
4800,401
4801,505
4802,392
4803,397
4804,620
4805,202
4806,590
4807,314
4808,514
4809,661
4810,470
4811,368
4812,555
4813,560
4814,338
4815,471
4816,327
4817,124
4818,527
4819,334
4820,321
4821,445
4822,606
4823,213
4824,437
4825,775
4826,232
4827,1068
4828,604
4829,458
4830,550
4831,335
4832,374
4833,333
4834,432
4835,602
4836,431
4837,529
4838,293
4839,473
4840,457
4841,308
4842,642
4843,561
4844,425
4845,175
4846,357
4847,409
4848,409
4849,361
4850,371
4851,305
4852,579
4853,689
4854,348
4855,331
4856,245
4857,219
4858,1011
4859,412
4860,345
4861,813
4862,233
4863,568
4864,374
4865,370
4866,327
4867,369
4868,596
4869,301
4870,470
4871,803
4872,609
4873,500
4874,881
4875,395
4876,362
4877,237
4878,166
4879,346
4880,438
4881,165
4882,327
4883,686
4884,298
4885,1078
4886,512
4887,165
4888,326
4889,354
4890,606
4891,242
4892,403
4893,335
4894,796
4895,361
4896,230
4897,630
4898,490
4899,233
4900,616
4901,415
4902,349
4903,400
4904,362
4905,661
4906,482
4907,375
4908,183
4909,437
4910,337
4911,799
4912,397
4913,526
4914,393
4915,790
4916,509
4917,410
4918,504
4919,515
4920,397
4921,354
4922,687
4923,432
4924,333
4925,441
4926,393
4927,526
4928,253
4929,429
4930,273
4931,309
4932,339
4933,177
4934,180
4935,525
4936,346
4937,391
4938,406
4939,595
4940,536
4941,521
4942,332
4943,588
4944,220
4945,569
4946,387
4947,277
4948,552
4949,328
4950,284
4951,399
4952,356
4953,742
4954,339
4955,588
4956,346
4957,429
4958,476
4959,219
4960,247
4961,385
4962,617
4963,251
4964,608
4965,447
4966,447
4967,402
4968,344
4969,176
4970,233
4971,395
4972,185
4973,471
4974,272
4975,845
4976,438
4977,458
4978,360
4979,248
4980,386
4981,208
4982,1017
4983,245
4984,323
4985,500
4986,417
4987,338
4988,195
4989,375
4990,450
4991,546
4992,486
4993,364
4994,130
4995,460
4996,447
4997,286
4998,264
4999,191
